contract_id,language,clause_id,clause_text,label,clause_text_clean
C001,ar,1.a,يعين صاحب العمل الموظف بموجب هذا العقد للعمل لديه بوظيفة محددة، ويوافق الموظف على أداء واجبات الوظيفة وأي مهام أخرى يكلفه بها صاحب العمل.,duties,يعين صاحب العمل الموظف بموجب هذا العقد للعمل لديه بوظيفة محددة، ويوافق الموظف علي اداء واجبات الوظيفة واي مهام اخري يكلفه بها صاحب العمل.
C001,en,1.a,The Employer hereby engages the Employee to work in a specified position and the Employee agrees to perform the job duties and any additional tasks assigned.,duties,The Employer hereby engages the Employee to work in a specified position and the Employee agrees to perform the job duties and any additional tasks assigned.
C001,ar,1.b,يخضع التوظيف لاجتياز الفحص الطبي والحصول على موافقات وزارة التعليم والالتحاق بالعمل في التاريخ المحدد.,general,يخضع التوظيف لاجتياز الفحص الطبي والحصول علي موافقات وزارة التعليم والالتحاق بالعمل في التاريخ المحدد.
C001,en,1.b,"Employment is conditional upon medical clearance, required approvals from the Ministry of Education, and reporting to work by the specified date.",general,"Employment is conditional upon medical clearance, required approvals from the Ministry of Education, and reporting to work by the specified date."
C001,ar,2.a,الراتب الشهري الأساسي للموظف محدد بالريال السعودي ويشمل جميع أيام الشهر بما فيها العطل الرسمية.,salary_terms,الراتب الشهري الاساسي للموظف محدد بالريال السعودي ويشمل جميع ايام الشهر بما فيها العطل الرسمية.
C001,en,2.a,The Employee’s base monthly salary is fixed in Saudi Riyals and includes all days of the month including official holidays.,salary_terms,The Employee’s base monthly salary is fixed in Saudi Riyals and includes all days of the month including official holidays.
C001,ar,2.b,يتم صرف الراتب الشهري مع البدلات بعد خصم الاستقطاعات المستحقة في الأسبوع الأول من كل شهر.,salary_terms,يتم صرف الراتب الشهري مع البدلات بعد خصم الاستقطاعات المستحقة في الاسبوع الاول من كل شهر.
C001,en,2.b,The monthly salary plus allowances minus deductions shall be paid during the first week of each month.,salary_terms,The monthly salary plus allowances minus deductions shall be paid during the first week of each month.
C001,ar,4.1,يعتبر هذا العقد محدد المدة لمدة سنة ميلادية واحدة قابلة للتجديد.,contract_duration,يعتبر هذا العقد محدد المدة لمدة سنة ميلادية واحدة قابلة للتجديد.
C001,en,4.1,This contract is for a definite period of one Gregorian year and is renewable.,contract_duration,This contract is for a definite period of one Gregorian year and is renewable.
C001,ar,4.2,يكون الموظف تحت التجربة لمدة ثلاثة أشهر ويجوز تمديدها ويحق لصاحب العمل إنهاؤها دون إبداء أسباب.,probation,يكون الموظف تحت التجربة لمدة ثلاثة اشهر ويجوز تمديدها ويحق لصاحب العمل انهاوها دون ابداء اسباب.
C001,en,4.2,"The Employee shall be on probation for the first three months, which may be extended, and the Employer may terminate during probation without cause.",probation,"The Employee shall be on probation for the first three months, which may be extended, and the Employer may terminate during probation without cause."
C001,ar,5.1,يتعهد الموظف بالالتزام بسياسات وتعليمات صاحب العمل والأنظمة المعمول بها في المملكة.,duties,يتعهد الموظف بالالتزام بسياسات وتعليمات صاحب العمل والانظمة المعمول بها في المملكة.
C001,en,5.1,The Employee undertakes to comply with all Employer policies and applicable laws in the Kingdom.,duties,The Employee undertakes to comply with all Employer policies and applicable laws in the Kingdom.
C001,ar,6.1,يقر الموظف بعدم وجود أي تعارض مصالح أو اتفاقيات سابقة تتعارض مع هذا العقد.,duties,يقر الموظف بعدم وجود اي تعارض مصالح او اتفاقيات سابقة تتعارض مع هذا العقد.
C001,en,6.1,The Employee represents that no prior agreements exist that conflict with this Agreement.,duties,The Employee represents that no prior agreements exist that conflict with this Agreement.
C001,ar,8.1,يلتزم الموظف بالمحافظة على سرية المعلومات وعدم إفشائها أثناء أو بعد انتهاء الخدمة.,duties,يلتزم الموظف بالمحافظة علي سرية المعلومات وعدم افشايها اثناء او بعد انتهاء الخدمة.
C001,en,8.1,The Employee shall maintain confidentiality of all proprietary information during and after employment.,duties,The Employee shall maintain confidentiality of all proprietary information during and after employment.
C001,ar,9.1,يوافق الموظف على عدم منافسة الجامعة أثناء العمل ولمدة سنتين بعد انتهائه.,penalties,يوافق الموظف علي عدم منافسة الجامعة اثناء العمل ولمدة سنتين بعد انتهايه.
C001,en,9.1,The Employee agrees not to compete with the University during employment and for two years thereafter.,penalties,The Employee agrees not to compete with the University during employment and for two years thereafter.
C001,ar,11.1,تحدد ساعات العمل الأسبوعية ويجوز للجامعة تعديلها حسب مصلحة العمل.,working_hours,تحدد ساعات العمل الاسبوعية ويجوز للجامعة تعديلها حسب مصلحة العمل.
C001,en,11.1,Working hours per week are defined and may be adjusted by the University as required.,working_hours,Working hours per week are defined and may be adjusted by the University as required.
C001,ar,12.1,يستحق الموظف العطل الرسمية وفق نظام العمل السعودي مع تعويض عن العمل خلالها.,benefits,يستحق الموظف العطل الرسمية وفق نظام العمل السعودي مع تعويض عن العمل خلالها.
C001,en,12.1,The Employee is entitled to official holidays in accordance with Saudi Labor Law.,benefits,The Employee is entitled to official holidays in accordance with Saudi Labor Law.
C001,ar,13.1,يستحق الموظف إجازة سنوية مدفوعة الأجر وفق نظام العمل.,benefits,يستحق الموظف اجازة سنوية مدفوعة الاجر وفق نظام العمل.
C001,en,13.1,The Employee is entitled to paid annual leave in accordance with Saudi Labor Law.,benefits,The Employee is entitled to paid annual leave in accordance with Saudi Labor Law.
C001,ar,15.1,يلتزم صاحب العمل بتسجيل الموظف في التأمينات الاجتماعية.,benefits,يلتزم صاحب العمل بتسجيل الموظف في التامينات الاجتماعية.
C001,en,15.1,The Employer shall register the Employee with GOSI and pay required contributions.,benefits,The Employer shall register the Employee with GOSI and pay required contributions.
C001,ar,18.1,يحق لصاحب العمل إنهاء العقد دون تعويض في حال مخالفة المادة 80 من نظام العمل.,termination,يحق لصاحب العمل انهاء العقد دون تعويض في حال مخالفة المادة 80 من نظام العمل.
C001,en,18.1,The Employer may terminate the contract without compensation in accordance with Article 80 of Saudi Labor Law.,termination,The Employer may terminate the contract without compensation in accordance with Article 80 of Saudi Labor Law.
C001,ar,18.2,يستحق الموظف مكافأة نهاية الخدمة إذا كان مستحقاً لها وفق نظام العمل.,termination,يستحق الموظف مكافاة نهاية الخدمة اذا كان مستحقا لها وفق نظام العمل.
C001,en,18.2,"Upon termination, the Employee shall receive end-of-service benefits if eligible under the law.",termination,"Upon termination, the Employee shall receive end-of-service benefits if eligible under the law."
C001,ar,20.1,يخضع هذا العقد لأنظمة وقوانين المملكة العربية السعودية.,governing_law,يخضع هذا العقد لانظمة وقوانين المملكة العربية السعودية.
C001,en,20.1,This Agreement shall be governed by the laws of the Kingdom of Saudi Arabia.,governing_law,This Agreement shall be governed by the laws of the Kingdom of Saudi Arabia.
C002,en,1.01,Employer hereby employs employee and employee hereby accepts employment with employer as Senior QA/QC Inspector.,duties,Employer hereby employs employee and employee hereby accepts employment with employer as Senior QA/QC Inspector.
C002,en,1.02,"The employment period will commence from 30th April, 2020 for a duration of 36 months after which employment shall cease or be renewed by mutual agreement.",contract_duration,"The employment period will commence from 30th April, 2020 for a duration of 36 months after which employment shall cease or be renewed by mutual agreement."
C002,en,2.01,"Employee agrees to devote all of his time, attention and energy to the performance of employee's duties under this agreement.",duties,"Employee agrees to devote all of his time, attention and energy to the performance of employee's duties under this agreement."
C002,en,2.02,Employee shall strictly adhere to and obey all the rules and regulations now in effect or as subsequently modified by the employer.,duties,Employee shall strictly adhere to and obey all the rules and regulations now in effect or as subsequently modified by the employer.
C002,en,2.03,The employment shall continue only as long as the services rendered by the employee are satisfactory to the employer.,duties,The employment shall continue only as long as the services rendered by the employee are satisfactory to the employer.
C002,en,2.04,Employee warrants that entering into this agreement will not violate any agreement with third parties.,duties,Employee warrants that entering into this agreement will not violate any agreement with third parties.
C002,en,3.01,"The employer shall pay the employee a monthly basic salary of US$19,800 or equivalent depending on currency preference.",salary_terms,"The employer shall pay the employee a monthly basic salary of US$19,800 or equivalent depending on currency preference."
C002,en,3.02,"Housing shall be provided by the employer or a housing allowance of US$2,900 per month shall be paid.",benefits,"Housing shall be provided by the employer or a housing allowance of US$2,900 per month shall be paid."
C002,en,3.03,"The employer shall pay US$2,550 for personal effects shipment and excess baggage allowance.",benefits,"The employer shall pay US$2,550 for personal effects shipment and excess baggage allowance."
C002,en,3.04,The employer shall provide comprehensive health care for the employee and family during the term of the contract.,benefits,The employer shall provide comprehensive health care for the employee and family during the term of the contract.
C002,en,3.05,"Educational assistance benefits of US$2,380 per month shall be provided for family status contracts.",benefits,"Educational assistance benefits of US$2,380 per month shall be provided for family status contracts."
C002,en,4.01,The employee will be reimbursed for reasonable moving expenses incurred as a result of relocation.,benefits,The employee will be reimbursed for reasonable moving expenses incurred as a result of relocation.
C002,en,5.01,Normal working hours shall be Sunday to Thursday from 7:30am to 4:30pm excluding public holidays.,working_hours,Normal working hours shall be Sunday to Thursday from 7:30am to 4:30pm excluding public holidays.
C002,en,5.02,Employee may be required to work additional hours as reasonably necessary and shall receive additional remuneration.,working_hours,Employee may be required to work additional hours as reasonably necessary and shall receive additional remuneration.
C002,en,6.01,The job title does not limit the work which the employee may be required to perform.,duties,The job title does not limit the work which the employee may be required to perform.
C002,en,7.01,Employment shall continue until terminated by notice or under the employerâ€™s disciplinary procedures.,termination,Employment shall continue until terminated by notice or under the employerâ€™s disciplinary procedures.
C002,en,8.01,The first three monthsâ€™ salary shall be paid in advance upon confirmation of work permit procurement.,salary_terms,The first three monthsâ€™ salary shall be paid in advance upon confirmation of work permit procurement.
C002,en,9.01,Employee shall be entitled to paid vacation of four weeks twice yearly subject to employer approval.,benefits,Employee shall be entitled to paid vacation of four weeks twice yearly subject to employer approval.
C002,en,10.01,The contract is subject to a probation period of three months based on performance.,probation,The contract is subject to a probation period of three months based on performance.
C002,en,10.02,"In the event of termination, the employee shall be entitled only to compensation accrued prior to termination.",termination,"In the event of termination, the employee shall be entitled only to compensation accrued prior to termination."
C002,en,11.01,"All records, documents, and trade secrets obtained during employment remain the exclusive property of the employer.",duties,"All records, documents, and trade secrets obtained during employment remain the exclusive property of the employer."
C002,en,11.02,Employee shall not disclose or misuse any trade secrets during or after employment.,duties,Employee shall not disclose or misuse any trade secrets during or after employment.
C002,en,12.01,Any notices between the parties shall be delivered in writing either personally or by registered mail.,general,Any notices between the parties shall be delivered in writing either personally or by registered mail.
C002,en,13.01,"If the employee is unable to perform duties due to illness for more than four weeks, compensation may be reduced.",general,"If the employee is unable to perform duties due to illness for more than four weeks, compensation may be reduced."
C002,en,15.01,The employer may terminate this agreement without cause upon 30 daysâ€™ written notice.,termination,The employer may terminate this agreement without cause upon 30 daysâ€™ written notice.
C002,en,15.02,The employee may terminate employment upon 30 daysâ€™ written notice but shall not receive severance allowance.,termination,The employee may terminate employment upon 30 daysâ€™ written notice but shall not receive severance allowance.
C002,en,17.01,This agreement shall be governed by and construed in accordance with the laws of the Kingdom of Saudi Arabia.,governing_law,This agreement shall be governed by and construed in accordance with the laws of the Kingdom of Saudi Arabia.
C003,ar,1.1,يتم إبرام هذا العقد بين الطرفين ويُعد ما ورد في مقدمته جزءًا لا يتجزأ منه.,general,يتم ابرام هذا العقد بين الطرفين ويعد ما ورد في مقدمته جزءا لا يتجزا منه.
C003,en,1.1,This agreement is concluded between the two parties and the preamble forms an integral part thereof.,general,This agreement is concluded between the two parties and the preamble forms an integral part thereof.
C003,ar,2.1,يسري هذا العقد لمدة غير محددة اعتبارًا من تاريخ مباشرة العمل في 01/09/2022.,contract_duration,يسري هذا العقد لمدة غير محددة اعتبارا من تاريخ مباشرة العمل في 01/09/2022.
C003,en,2.1,This contract shall be effective for an indefinite period starting from the joining date of 01/09/2022.,contract_duration,This contract shall be effective for an indefinite period starting from the joining date of 01/09/2022.
C003,ar,3.1,تكون أيام العمل خمسة أيام في الأسبوع وساعات العمل اليومية ثماني ساعات.,working_hours,تكون ايام العمل خمسة ايام في الاسبوع وساعات العمل اليومية ثماني ساعات.
C003,en,3.1,Working days shall be five days per week and daily working hours shall be eight hours.,working_hours,Working days shall be five days per week and daily working hours shall be eight hours.
C003,ar,4.1,يستحق الطرف الثاني إجازة سنوية مدفوعة الأجر مدتها ثلاثون يومًا تقويميًا.,benefits,يستحق الطرف الثاني اجازة سنوية مدفوعة الاجر مدتها ثلاثون يوما تقويميا.
C003,en,4.1,The second party shall be entitled to a paid annual leave of thirty calendar days.,benefits,The second party shall be entitled to a paid annual leave of thirty calendar days.
C003,ar,5.1,"يستحق الطرف الثاني راتبًا أساسيًا شهريًا قدره 14,000 ريال سعودي.",salary_terms,"يستحق الطرف الثاني راتبا اساسيا شهريا قدره 14,000 ريال سعودي."
C003,en,5.1,"The second party shall receive a basic monthly salary of SAR 14,000.",salary_terms,"The second party shall receive a basic monthly salary of SAR 14,000."
C003,ar,7.1,يلتزم الطرف الأول بتوفير الرعاية الصحية وتسجيل الطرف الثاني في التأمينات الاجتماعية.,benefits,يلتزم الطرف الاول بتوفير الرعاية الصحية وتسجيل الطرف الثاني في التامينات الاجتماعية.
C003,en,7.1,The first party shall provide health care and register the second party with GOSI.,benefits,The first party shall provide health care and register the second party with GOSI.
C003,ar,8.1,يلتزم الطرف الثاني بأداء العمل المكلف به والالتزام بتعليمات وأنظمة العمل.,duties,يلتزم الطرف الثاني باداء العمل المكلف به والالتزام بتعليمات وانظمة العمل.
C003,en,8.1,The second party shall perform assigned duties and comply with work instructions and regulations.,duties,The second party shall perform assigned duties and comply with work instructions and regulations.
C003,ar,9.1,يخضع هذا العقد لنظام العمل السعودي ولائحته التنفيذية.,governing_law,يخضع هذا العقد لنظام العمل السعودي ولايحته التنفيذية.
C003,en,9.1,This contract shall be governed by Saudi Labor Law and its executive regulations.,governing_law,This contract shall be governed by Saudi Labor Law and its executive regulations.
C004,ar,1.1,يسر الشركة دعوتكم للانضمام إلى فريق العمل بوظيفة محددة وفق الشروط الواردة أدناه.,duties,يسر الشركة دعوتكم للانضمام الي فريق العمل بوظيفة محددة وفق الشروط الواردة ادناه.
C004,en,1.1,The company is pleased to invite you to join the team in a specified position under the following terms.,duties,The company is pleased to invite you to join the team in a specified position under the following terms.
C004,ar,2.1,تكون مدة العقد ستة أشهر قابلة للتجديد بموافقة الطرفين.,contract_duration,تكون مدة العقد ستة اشهر قابلة للتجديد بموافقة الطرفين.
C004,en,2.1,"The contract term shall be six months, renewable upon mutual agreement.",contract_duration,"The contract term shall be six months, renewable upon mutual agreement."
C004,ar,3.1,"يستحق الموظف راتبًا شهريًا أساسيًا قدره 1,800 ريال سعودي.",salary_terms,"يستحق الموظف راتبا شهريا اساسيا قدره 1,800 ريال سعودي."
C004,en,3.1,"The employee shall receive a basic monthly salary of SAR 1,800.",salary_terms,"The employee shall receive a basic monthly salary of SAR 1,800."
C004,ar,4.1,يستحق الموظف إجازة سنوية مدفوعة الأجر وفق أنظمة الشركة.,benefits,يستحق الموظف اجازة سنوية مدفوعة الاجر وفق انظمة الشركة.
C004,en,4.1,The employee shall be entitled to paid annual leave according to company policy.,benefits,The employee shall be entitled to paid annual leave according to company policy.
C004,ar,5.1,توفر الشركة للموظف تأمينًا صحيًا طوال مدة العقد.,benefits,توفر الشركة للموظف تامينا صحيا طوال مدة العقد.
C004,en,5.1,The company shall provide the employee with health insurance for the duration of the contract.,benefits,The company shall provide the employee with health insurance for the duration of the contract.
C004,ar,6.1,يلتزم الموظف بالالتزام بكافة سياسات وأنظمة الشركة.,duties,يلتزم الموظف بالالتزام بكافة سياسات وانظمة الشركة.
C004,en,6.1,The employee must comply with all company policies and regulations.,duties,The employee must comply with all company policies and regulations.
C004,ar,7.1,يجوز لأي من الطرفين إنهاء العقد بإشعار خطي مسبق مدته شهر واحد.,termination,يجوز لاي من الطرفين انهاء العقد باشعار خطي مسبق مدته شهر واحد.
C004,en,7.1,Either party may terminate the contract with one month prior written notice.,termination,Either party may terminate the contract with one month prior written notice.
C005,ar,0.1,عقد عمل إلكتروني عبر منصة قوى تحت إشراف وزارة الموارد البشرية والتنمية الاجتماعية بالمملكة العربية السعودية.,general,عقد عمل الكتروني عبر منصة قوي تحت اشراف وزارة الموارد البشرية والتنمية الاجتماعية بالمملكة العربية السعودية.
C005,en,0.1,An electronic employment contract issued via Qiwa under the supervision of the Ministry of Human Resources and Social Development in the Kingdom of Saudi Arabia.,general,An electronic employment contract issued via Qiwa under the supervision of the Ministry of Human Resources and Social Development in the Kingdom of Saudi Arabia.
C005,ar,0.2,أطراف العقد: الطرف الأول [EMPLOYER] والطرف الثاني [EMPLOYEE]، وتم استبدال البيانات الشخصية بمعرّفات بديلة لأغراض البيانات.,general,اطراف العقد: الطرف الاول [EMPLOYER] والطرف الثاني [EMPLOYEE]، وتم استبدال البيانات الشخصية بمعرفات بديلة لاغراض البيانات.
C005,en,0.2,Contract parties: First Party [EMPLOYER] and Second Party [EMPLOYEE]. Personal identifiers are replaced with placeholders for dataset use.,general,Contract parties: First Party [EMPLOYER] and Second Party [EMPLOYEE]. Personal identifiers are replaced with placeholders for dataset use.
C005,ar,1.1,اتفق الطرفان على أن يعمل الطرف الثاني لدى الطرف الأول تحت إدارته وإشرافه بوظيفة عامل تنظيف مركبات وأعمال مماثلة وفق ما يُكلّف به.,duties,اتفق الطرفان علي ان يعمل الطرف الثاني لدي الطرف الاول تحت ادارته واشرافه بوظيفة عامل تنظيف مركبات واعمال مماثلة وفق ما يكلف به.
C005,en,1.1,The parties agree that the Second Party will work for the First Party under its management and supervision in the role of vehicle cleaner (and similar duties) as assigned.,duties,The parties agree that the Second Party will work for the First Party under its management and supervision in the role of vehicle cleaner (and similar duties) as assigned.
C005,ar,1.2,يؤدي الطرف الثاني العمل بما يتناسب مع قدراته وبما لا يتعارض مع أحكام نظام العمل.,duties,يودي الطرف الثاني العمل بما يتناسب مع قدراته وبما لا يتعارض مع احكام نظام العمل.
C005,en,1.2,The Second Party shall perform assigned work in line with their capabilities and in a manner consistent with Saudi Labor Law.,duties,The Second Party shall perform assigned work in line with their capabilities and in a manner consistent with Saudi Labor Law.
C005,ar,2.1,مدة العقد أربع سنوات تبدأ من 21-01-2020 وتنتهي في 20-01-2024، وتاريخ المباشرة 21-01-2020.,contract_duration,مدة العقد اربع سنوات تبدا من 21-01-2020 وتنتهي في 20-01-2024، وتاريخ المباشرة 21-01-2020.
C005,en,2.1,"The contract duration is four years starting on 21-01-2020 and ending on 20-01-2024, with the joining date on 21-01-2020.",contract_duration,"The contract duration is four years starting on 21-01-2020 and ending on 20-01-2024, with the joining date on 21-01-2020."
C005,ar,2.2,يتجدد العقد تلقائيًا لمدة مماثلة ما لم يخطر أحد الطرفين الآخر كتابة بعدم الرغبة في التجديد قبل 30 يومًا من تاريخ الانتهاء.,contract_duration,يتجدد العقد تلقاييا لمدة مماثلة ما لم يخطر احد الطرفين الاخر كتابة بعدم الرغبة في التجديد قبل 30 يوما من تاريخ الانتهاء.
C005,en,2.2,The contract renews for a similar period unless either party notifies the other in writing of unwillingness to renew at least 30 days before expiry.,contract_duration,The contract renews for a similar period unless either party notifies the other in writing of unwillingness to renew at least 30 days before expiry.
C005,ar,2.3,فترة التجربة للطرف الثاني 0 يوم وتبدأ من تاريخ مباشرة العمل، ولا تدخل الإجازات في احتسابها.,probation,فترة التجربة للطرف الثاني 0 يوم وتبدا من تاريخ مباشرة العمل، ولا تدخل الاجازات في احتسابها.
C005,en,2.3,The Second Party is subject to a probation period of 0 days starting from the commencement date; leave/holidays are not included in the calculation.,probation,The Second Party is subject to a probation period of 0 days starting from the commencement date; leave/holidays are not included in the calculation.
C005,ar,3.1,ساعات العمل 48 ساعة أسبوعيًا، ويستحق الطرف الثاني أجرًا إضافيًا عن الساعات الإضافية يعادل الأجر بالساعة + 50% من الأجر الأساسي.,working_hours,ساعات العمل 48 ساعة اسبوعيا، ويستحق الطرف الثاني اجرا اضافيا عن الساعات الاضافية يعادل الاجر بالساعة + 50% من الاجر الاساسي.
C005,en,3.1,Working hours are set to 48 hours per week. The Second Party is entitled to overtime pay equal to the hourly wage plus 50% of the basic wage.,working_hours,Working hours are set to 48 hours per week. The Second Party is entitled to overtime pay equal to the hourly wage plus 50% of the basic wage.
C005,ar,4.1,يدفع الطرف الأول للطرف الثاني أجرًا أساسيًا قدره 400 ريال سعودي شهريًا ويستحق في نهاية كل شهر.,salary_terms,يدفع الطرف الاول للطرف الثاني اجرا اساسيا قدره 400 ريال سعودي شهريا ويستحق في نهاية كل شهر.
C005,en,4.1,"The First Party pays the Second Party a basic wage of SAR 400 per month, due at the end of each month.",salary_terms,"The First Party pays the Second Party a basic wage of SAR 400 per month, due at the end of each month."
C005,ar,4.2,يلتزم الطرف الأول بتوفير سكن مناسب طوال مدة العقد.,benefits,يلتزم الطرف الاول بتوفير سكن مناسب طوال مدة العقد.
C005,en,4.2,The First Party commits to providing adequate housing throughout the contract period.,benefits,The First Party commits to providing adequate housing throughout the contract period.
C005,ar,4.3,يلتزم الطرف الأول بتوفير وسيلة نقل مناسبة من السكن إلى مقر العمل.,benefits,يلتزم الطرف الاول بتوفير وسيلة نقل مناسبة من السكن الي مقر العمل.
C005,en,4.3,The First Party commits to providing appropriate transportation from residence to workplace.,benefits,The First Party commits to providing appropriate transportation from residence to workplace.
C005,ar,4.4,"يدفع الطرف الأول بدلًا/مخصصات أخرى قدرها 1,596 ريال سعودي شهريًا تُصرف في نهاية كل شهر.",salary_terms,"يدفع الطرف الاول بدلا/مخصصات اخري قدرها 1,596 ريال سعودي شهريا تصرف في نهاية كل شهر."
C005,en,4.4,"The First Party pays other allowances of SAR 1,596 per month, payable at the end of each month.",salary_terms,"The First Party pays other allowances of SAR 1,596 per month, payable at the end of each month."
C005,ar,5.1,يستحق الطرف الثاني إجازة سنوية مدفوعة الأجر مدتها 21 يومًا عن كل سنة، ويحدد الطرف الأول مواعيدها وفق ظروف العمل.,benefits,يستحق الطرف الثاني اجازة سنوية مدفوعة الاجر مدتها 21 يوما عن كل سنة، ويحدد الطرف الاول مواعيدها وفق ظروف العمل.
C005,en,5.1,The Second Party is entitled to a paid annual leave of 21 days per year; dates are determined by the First Party according to work conditions.,benefits,The Second Party is entitled to a paid annual leave of 21 days per year; dates are determined by the First Party according to work conditions.
C005,ar,5.2,يجوز تأجيل الإجازة وفق متطلبات العمل وبما لا يتجاوز المدد المنصوص عليها.,benefits,يجوز تاجيل الاجازة وفق متطلبات العمل وبما لا يتجاوز المدد المنصوص عليها.
C005,en,5.2,Annual leave may be postponed in line with work requirements within the limits stated.,benefits,Annual leave may be postponed in line with work requirements within the limits stated.
C005,ar,6.1,يلتزم الطرف الأول بتوفير الرعاية الطبية للطرف الثاني عبر التأمين الصحي وفق نظام الضمان الصحي التعاوني.,benefits,يلتزم الطرف الاول بتوفير الرعاية الطبية للطرف الثاني عبر التامين الصحي وفق نظام الضمان الصحي التعاوني.
C005,en,6.1,The First Party shall provide medical care/health insurance in accordance with the Cooperative Health Insurance system.,benefits,The First Party shall provide medical care/health insurance in accordance with the Cooperative Health Insurance system.
C005,ar,6.2,يلتزم الطرف الأول بسداد اشتراكات التأمينات الاجتماعية وفق الأنظمة.,benefits,يلتزم الطرف الاول بسداد اشتراكات التامينات الاجتماعية وفق الانظمة.
C005,en,6.2,The First Party is obligated to pay GOSI contributions in accordance with regulations.,benefits,The First Party is obligated to pay GOSI contributions in accordance with regulations.
C005,ar,6.3,يتحمل الطرف الأول رسوم الاستقدام/نقل الخدمة ورسوم الإقامة ورخصة العمل وتجديدها والغرامات الناتجة عنها ورسوم الخروج والعودة وتذكرة العودة بعد انتهاء العلاقة.,benefits,يتحمل الطرف الاول رسوم الاستقدام/نقل الخدمة ورسوم الاقامة ورخصة العمل وتجديدها والغرامات الناتجة عنها ورسوم الخروج والعودة وتذكرة العودة بعد انتهاء العلاقة.
C005,en,6.3,"The First Party bears fees related to recruitment/transfer, residency fees, work permit and renewals, related fines, exit/re-entry fees, and the return ticket upon end of employment (as applicable).",benefits,"The First Party bears fees related to recruitment/transfer, residency fees, work permit and renewals, related fines, exit/re-entry fees, and the return ticket upon end of employment (as applicable)."
C005,ar,7.1,يلتزم الطرف الثاني بأداء العمل وفق أصول المهنة واتباع تعليمات الطرف الأول ما لم تخالف العقد أو النظام أو الآداب العامة.,duties,يلتزم الطرف الثاني باداء العمل وفق اصول المهنة واتباع تعليمات الطرف الاول ما لم تخالف العقد او النظام او الاداب العامة.
C005,en,7.1,"The Second Party shall perform work per professional principles and follow the First Party’s instructions unless they contradict the contract, the law, or public morals.",duties,"The Second Party shall perform work per professional principles and follow the First Party’s instructions unless they contradict the contract, the law, or public morals."
C005,ar,7.2,يلتزم الطرف الثاني بالمحافظة على أدوات وممتلكات الطرف الأول وإعادتها وعدم التصرف فيها.,duties,يلتزم الطرف الثاني بالمحافظة علي ادوات وممتلكات الطرف الاول واعادتها وعدم التصرف فيها.
C005,en,7.2,"The Second Party shall take proper care of the First Party’s tools/property and return them, without disposing of them.",duties,"The Second Party shall take proper care of the First Party’s tools/property and return them, without disposing of them."
C005,ar,7.3,يقدم الطرف الثاني المساعدة والدعم دون طلب أجر إضافي في الحالات التي تهدد سلامة مكان العمل أو العاملين.,duties,يقدم الطرف الثاني المساعدة والدعم دون طلب اجر اضافي في الحالات التي تهدد سلامة مكان العمل او العاملين.
C005,en,7.3,The Second Party shall provide assistance and support without requesting additional pay in cases threatening workplace safety.,duties,The Second Party shall provide assistance and support without requesting additional pay in cases threatening workplace safety.
C005,ar,7.4,يخضع الطرف الثاني للفحوص الطبية التي يطلبها الطرف الأول قبل أو أثناء الالتحاق للتحقق من الخلو من الأمراض المهنية أو المعدية.,general,يخضع الطرف الثاني للفحوص الطبية التي يطلبها الطرف الاول قبل او اثناء الالتحاق للتحقق من الخلو من الامراض المهنية او المعدية.
C005,en,7.4,The Second Party shall undergo medical examinations required by the First Party to verify fitness and absence of occupational/communicable diseases.,general,The Second Party shall undergo medical examinations required by the First Party to verify fitness and absence of occupational/communicable diseases.
C005,ar,7.5,يلتزم الطرف الثاني بعدم منافسة الطرف الأول لمدة سنتين بعد انتهاء العقد فيما يتعلق بطبيعة العمل داخل المملكة.,penalties,يلتزم الطرف الثاني بعدم منافسة الطرف الاول لمدة سنتين بعد انتهاء العقد فيما يتعلق بطبيعة العمل داخل المملكة.
C005,en,7.5,"After the end of the contract, the Second Party must not compete with the First Party for two years in relation to the work within the Kingdom.",penalties,"After the end of the contract, the Second Party must not compete with the First Party for two years in relation to the work within the Kingdom."
C005,ar,7.6,يلتزم الطرف الثاني بعدم إفشاء أسرار الطرف الأول لمدة سنتين بعد انتهاء العقد.,duties,يلتزم الطرف الثاني بعدم افشاء اسرار الطرف الاول لمدة سنتين بعد انتهاء العقد.
C005,en,7.6,The Second Party must not disclose the First Party’s secrets for two years after the end of the contract.,duties,The Second Party must not disclose the First Party’s secrets for two years after the end of the contract.
C005,ar,7.7,يلتزم الطرف الثاني بحسن السلوك والالتزام بالقواعد والأنظمة والأعراف السارية، وقد تترتب عليه تبعات مالية عند المخالفة.,penalties,يلتزم الطرف الثاني بحسن السلوك والالتزام بالقواعد والانظمة والاعراف السارية، وقد تترتب عليه تبعات مالية عند المخالفة.
C005,en,7.7,The Second Party shall maintain good conduct and comply with applicable rules; financial consequences may result from violations.,penalties,The Second Party shall maintain good conduct and comply with applicable rules; financial consequences may result from violations.
C005,ar,7.8,يوافق الطرف الثاني على استقطاع النسبة النظامية من الأجر الشهري مقابل الاشتراك في التأمينات الاجتماعية.,salary_terms,يوافق الطرف الثاني علي استقطاع النسبة النظامية من الاجر الشهري مقابل الاشتراك في التامينات الاجتماعية.
C005,en,7.8,The Second Party agrees to statutory deductions from monthly wage for participation in GOSI.,salary_terms,The Second Party agrees to statutory deductions from monthly wage for participation in GOSI.
C005,ar,8.1,ينتهي العقد بانتهاء مدته أو باتفاق الطرفين على الإنهاء وفق الضوابط.,termination,ينتهي العقد بانتهاء مدته او باتفاق الطرفين علي الانهاء وفق الضوابط.
C005,en,8.1,The contract ends upon expiry of its term or by mutual agreement to terminate under applicable conditions.,termination,The contract ends upon expiry of its term or by mutual agreement to terminate under applicable conditions.
C005,ar,8.2,يحق للطرف الأول إنهاء العقد دون تعويض وفق الحالات المنصوص عليها في المادة (80) من نظام العمل مع إتاحة الفرصة للطرف الثاني لإبداء أسباب الاعتراض.,termination,يحق للطرف الاول انهاء العقد دون تعويض وفق الحالات المنصوص عليها في المادة (80) من نظام العمل مع اتاحة الفرصة للطرف الثاني لابداء اسباب الاعتراض.
C005,en,8.2,"The First Party may terminate without compensation according to the cases in Article 80 of Saudi Labor Law, while giving the Second Party an opportunity to state reasons for objection.",termination,"The First Party may terminate without compensation according to the cases in Article 80 of Saudi Labor Law, while giving the Second Party an opportunity to state reasons for objection."
C005,ar,8.3,يحق للطرف الثاني ترك العمل وإنهاء العقد وفق الحالات المنصوص عليها في المادة (81) من نظام العمل مع حفظ حقوقه.,termination,يحق للطرف الثاني ترك العمل وانهاء العقد وفق الحالات المنصوص عليها في المادة (81) من نظام العمل مع حفظ حقوقه.
C005,en,8.3,The Second Party may leave work and terminate the contract in the cases set out in Article 81 of Saudi Labor Law while preserving their rights.,termination,The Second Party may leave work and terminate the contract in the cases set out in Article 81 of Saudi Labor Law while preserving their rights.
C005,ar,9.1,يستحق الطرف الثاني مكافأة نهاية الخدمة وفق نظام العمل وتُحسب عادة على أساس الأجر الأخير ومدة الخدمة.,termination,يستحق الطرف الثاني مكافاة نهاية الخدمة وفق نظام العمل وتحسب عادة علي اساس الاجر الاخير ومدة الخدمة.
C005,en,9.1,"The Second Party is entitled to end-of-service benefits in accordance with Saudi Labor Law, typically calculated based on last wage and length of service.",termination,"The Second Party is entitled to end-of-service benefits in accordance with Saudi Labor Law, typically calculated based on last wage and length of service."
C005,ar,10.1,يخضع هذا العقد لنظام العمل ولوائحه التنفيذية والقرارات الصادرة لتنفيذه، ويحل محل أي اتفاقات أو عقود سابقة.,governing_law,يخضع هذا العقد لنظام العمل ولوايحه التنفيذية والقرارات الصادرة لتنفيذه، ويحل محل اي اتفاقات او عقود سابقة.
C005,en,10.1,"This contract is subject to Saudi Labor Law, its executive regulations, and implementing decisions, and it replaces any previous agreements if any.",governing_law,"This contract is subject to Saudi Labor Law, its executive regulations, and implementing decisions, and it replaces any previous agreements if any."
C005,ar,10.2,عند نشوء نزاع، يكون الاختصاص للجهة العمالية المختصة داخل المملكة العربية السعودية.,governing_law,عند نشوء نزاع، يكون الاختصاص للجهة العمالية المختصة داخل المملكة العربية السعودية.
C005,en,10.2,"In the event of a dispute, jurisdiction lies with the competent labor authority within the Kingdom of Saudi Arabia.",governing_law,"In the event of a dispute, jurisdiction lies with the competent labor authority within the Kingdom of Saudi Arabia."
C005,ar,10.3,تكون الإشعارات والإنذارات كتابية عبر قنوات التواصل الإلكترونية في منصة قوى، ويلتزم الطرفان بتحديث بيانات الاتصال عند أي تغيير.,general,تكون الاشعارات والانذارات كتابية عبر قنوات التواصل الالكترونية في منصة قوي، ويلتزم الطرفان بتحديث بيانات الاتصال عند اي تغيير.
C005,en,10.3,Warnings and notifications shall be in writing via electronic communication channels on the Qiwa platform; both parties must update contact details upon any change.,general,Warnings and notifications shall be in writing via electronic communication channels on the Qiwa platform; both parties must update contact details upon any change.
C005,ar,11.1,بنود إضافية: يحق للطرف الثاني إجازة سنوية مدفوعة (21) يومًا لكل سنة وفق ما هو منصوص.,benefits,بنود اضافية: يحق للطرف الثاني اجازة سنوية مدفوعة (21) يوما لكل سنة وفق ما هو منصوص.
C005,en,11.1,Additional terms: the Second Party is entitled to paid annual leave of 21 days per year as stated.,benefits,Additional terms: the Second Party is entitled to paid annual leave of 21 days per year as stated.
C005,ar,11.2,يجوز للطرف الثاني طلب إجازة لأيام محددة بإشعار كتابي مسبق للطرف الأول (مع استثناء الحالات الطارئة).,benefits,يجوز للطرف الثاني طلب اجازة لايام محددة باشعار كتابي مسبق للطرف الاول (مع استثناء الحالات الطارية).
C005,en,11.2,The Second Party may request specific leave days by providing prior written notice to the First Party (emergency cases excluded).,benefits,The Second Party may request specific leave days by providing prior written notice to the First Party (emergency cases excluded).
C005,ar,11.3,يلتزم الطرف الثاني بأداء مهام إضافية يكلّفه بها الطرف الأول ضمن نطاق مؤهلاته.,duties,يلتزم الطرف الثاني باداء مهام اضافية يكلفه بها الطرف الاول ضمن نطاق موهلاته.
C005,en,11.3,The Second Party shall perform additional duties assigned by the First Party within their qualifications.,duties,The Second Party shall perform additional duties assigned by the First Party within their qualifications.
C005,ar,11.4,يستحق الطرف الثاني تذكرة سفر اقتصادية عند استحقاق الإجازة السنوية وفق ما هو منصوص.,benefits,يستحق الطرف الثاني تذكرة سفر اقتصادية عند استحقاق الاجازة السنوية وفق ما هو منصوص.
C005,en,11.4,The Second Party is entitled to an economy-class airline ticket when eligible for annual leave as stated.,benefits,The Second Party is entitled to an economy-class airline ticket when eligible for annual leave as stated.
C005,ar,11.5,يتحمل الطرف الثاني مصاريف السفر الإضافية المتعلقة بالمرافقين (إن وجدت).,benefits,يتحمل الطرف الثاني مصاريف السفر الاضافية المتعلقة بالمرافقين (ان وجدت).
C005,en,11.5,The Second Party bears additional travel expenses related to dependents (if any).,benefits,The Second Party bears additional travel expenses related to dependents (if any).
C005,ar,11.6,عند إنهاء العقد، يجب على الطرف الثاني إعادة ممتلكات الطرف الأول، ويجوز للطرف الأول خصم قيمة الممتلكات المتلفة/المفقودة وفق النظام.,penalties,عند انهاء العقد، يجب علي الطرف الثاني اعادة ممتلكات الطرف الاول، ويجوز للطرف الاول خصم قيمة الممتلكات المتلفة/المفقودة وفق النظام.
C005,en,11.6,"Upon termination, the Second Party must return the First Party’s property, and the First Party may deduct the value of damaged/lost property in accordance with the law.",penalties,"Upon termination, the Second Party must return the First Party’s property, and the First Party may deduct the value of damaged/lost property in accordance with the law."
C005,ar,11.7,إذا تم إنهاء العقد قبل انتهاء مدته دون سبب مشروع، يستحق الطرف المتضرر تعويضًا يُحدد وفق أحكام النظام.,termination,اذا تم انهاء العقد قبل انتهاء مدته دون سبب مشروع، يستحق الطرف المتضرر تعويضا يحدد وفق احكام النظام.
C005,en,11.7,"If the contract is terminated before expiry without a legitimate reason, the affected party is entitled to compensation determined under the law.",termination,"If the contract is terminated before expiry without a legitimate reason, the affected party is entitled to compensation determined under the law."
C005,ar,11.8,يقر الطرف الثاني بالالتزام باللوائح الداخلية السارية وأنها جزء من هذا العقد ما لم ينص على خلاف ذلك.,duties,يقر الطرف الثاني بالالتزام باللوايح الداخلية السارية وانها جزء من هذا العقد ما لم ينص علي خلاف ذلك.
C005,en,11.8,The Second Party acknowledges compliance with internal regulations in effect; they form an integral part of this contract unless otherwise stated.,duties,The Second Party acknowledges compliance with internal regulations in effect; they form an integral part of this contract unless otherwise stated.
C005,ar,11.9,يجوز تكليف الطرف الثاني بالعمل الإضافي والعمل في العطل الرسمية وفق حاجة العمل.,working_hours,يجوز تكليف الطرف الثاني بالعمل الاضافي والعمل في العطل الرسمية وفق حاجة العمل.
C005,en,11.9,The Second Party may be assigned overtime work and work on official holidays as required.,working_hours,The Second Party may be assigned overtime work and work on official holidays as required.
C005,ar,11.1,المراسلات المتعلقة بالعقد تتم عبر قنوات موثقة وتُعد منتجة لآثارها عند استلامها.,general,المراسلات المتعلقة بالعقد تتم عبر قنوات موثقة وتعد منتجة لاثارها عند استلامها.
C005,en,11.1,Correspondence related to this contract may be exchanged via documented channels and is effective upon receipt.,general,Correspondence related to this contract may be exchanged via documented channels and is effective upon receipt.
C005,ar,11.11,يتجدد العقد لمدة سنتين ما لم يخطر أحد الطرفين الآخر بعدم الرغبة في التجديد قبل 30 يومًا من تاريخ الانتهاء.,contract_duration,يتجدد العقد لمدة سنتين ما لم يخطر احد الطرفين الاخر بعدم الرغبة في التجديد قبل 30 يوما من تاريخ الانتهاء.
C005,en,11.11,The contract renews for a period of two years unless either party notifies the other of unwillingness to renew at least 30 days before the expiry date.,contract_duration,The contract renews for a period of two years unless either party notifies the other of unwillingness to renew at least 30 days before the expiry date.
C006,ar,0.1,عقد عمل بين الطرف الأول والطرف الثاني وفق نظام العمل بالمملكة العربية السعودية.,general,عقد عمل بين الطرف الاول والطرف الثاني وفق نظام العمل بالمملكة العربية السعودية.
C006,en,0.1,An employment agreement between the First Party and the Second Party in accordance with Saudi Labor Law.,general,An employment agreement between the First Party and the Second Party in accordance with Saudi Labor Law.
C006,ar,1.1,يعمل الطرف الثاني لدى الطرف الأول وفق الشروط الواردة في هذا العقد وفي أي فروع أو مواقع تابعة له داخل المملكة.,duties,يعمل الطرف الثاني لدي الطرف الاول وفق الشروط الواردة في هذا العقد وفي اي فروع او مواقع تابعة له داخل المملكة.
C006,en,1.1,The Second Party shall work for the First Party under the terms of this agreement at any of its branches or sites within the Kingdom.,duties,The Second Party shall work for the First Party under the terms of this agreement at any of its branches or sites within the Kingdom.
C006,ar,1.2,يسري هذا العقد اعتبارًا من تاريخ وصول الطرف الثاني إلى المملكة العربية السعودية.,contract_duration,يسري هذا العقد اعتبارا من تاريخ وصول الطرف الثاني الي المملكة العربية السعودية.
C006,en,1.2,This agreement becomes effective from the date the Second Party arrives in the Kingdom of Saudi Arabia.,contract_duration,This agreement becomes effective from the date the Second Party arrives in the Kingdom of Saudi Arabia.
C006,ar,2.1,مدة هذا العقد سنة واحدة قابلة للتجديد لمدد مماثلة ما لم يخطر أحد الطرفين الآخر بعدم الرغبة في التجديد قبل 30 يومًا.,contract_duration,مدة هذا العقد سنة واحدة قابلة للتجديد لمدد مماثلة ما لم يخطر احد الطرفين الاخر بعدم الرغبة في التجديد قبل 30 يوما.
C006,en,2.1,"The term of this contract is one year, renewable for similar periods unless either party notifies the other at least 30 days prior to expiry.",contract_duration,"The term of this contract is one year, renewable for similar periods unless either party notifies the other at least 30 days prior to expiry."
C006,ar,3.1,يلتزم الطرف الأول بدفع راتب شهري للطرف الثاني قدره ___ ريال سعودي.,salary_terms,يلتزم الطرف الاول بدفع راتب شهري للطرف الثاني قدره ___ ريال سعودي.
C006,en,3.1,The First Party shall pay the Second Party a monthly salary of ___ Saudi Riyals.,salary_terms,The First Party shall pay the Second Party a monthly salary of ___ Saudi Riyals.
C006,ar,3.2,يستحق الطرف الثاني السكن المناسب المفروش من قبل الطرف الأول.,benefits,يستحق الطرف الثاني السكن المناسب المفروش من قبل الطرف الاول.
C006,en,3.2,The Second Party shall be provided with suitable furnished accommodation by the First Party.,benefits,The Second Party shall be provided with suitable furnished accommodation by the First Party.
C006,ar,3.3,يوفر الطرف الأول للطرف الثاني ثلاث وجبات يوميًا مجانًا.,benefits,يوفر الطرف الاول للطرف الثاني ثلاث وجبات يوميا مجانا.
C006,en,3.3,The First Party shall provide the Second Party with three free meals daily.,benefits,The First Party shall provide the Second Party with three free meals daily.
C006,ar,4.1,يستحق الطرف الثاني إجازة سنوية مدفوعة الأجر بعد إتمام اثني عشر شهرًا من الخدمة.,benefits,يستحق الطرف الثاني اجازة سنوية مدفوعة الاجر بعد اتمام اثني عشر شهرا من الخدمة.
C006,en,4.1,The Second Party shall be entitled to paid annual leave after completing twelve months of service.,benefits,The Second Party shall be entitled to paid annual leave after completing twelve months of service.
C006,ar,4.2,تدفع أجور الإجازة مقدماً قبل التمتع بها.,benefits,تدفع اجور الاجازة مقدما قبل التمتع بها.
C006,en,4.2,Vacation wages shall be paid in advance prior to taking leave.,benefits,Vacation wages shall be paid in advance prior to taking leave.
C006,ar,5.1,يوفر الطرف الأول العلاج الطبي المجاني للطرف الثاني وفق نظام العمل.,benefits,يوفر الطرف الاول العلاج الطبي المجاني للطرف الثاني وفق نظام العمل.
C006,en,5.1,The First Party shall provide free medical treatment to the Second Party in accordance with Saudi Labor Law.,benefits,The First Party shall provide free medical treatment to the Second Party in accordance with Saudi Labor Law.
C006,ar,6.1,يتحمل الطرف الأول تكاليف انتقال الطرف الثاني إلى المملكة وتكاليف العودة بعد انتهاء العقد.,benefits,يتحمل الطرف الاول تكاليف انتقال الطرف الثاني الي المملكة وتكاليف العودة بعد انتهاء العقد.
C006,en,6.1,The First Party shall bear the cost of transporting the Second Party to the Kingdom and return costs after contract termination.,benefits,The First Party shall bear the cost of transporting the Second Party to the Kingdom and return costs after contract termination.
C006,ar,6.2,يتحمل الطرف الأول رسوم الإقامة والتأشيرات ورسوم الدخول والخروج.,benefits,يتحمل الطرف الاول رسوم الاقامة والتاشيرات ورسوم الدخول والخروج.
C006,en,6.2,"The First Party shall bear residence, visa, entry, and exit fees.",benefits,"The First Party shall bear residence, visa, entry, and exit fees."
C006,ar,7.1,يخضع الطرف الثاني لجميع أنظمة العمل وساعات العمل والإجازات المقررة نظامًا.,working_hours,يخضع الطرف الثاني لجميع انظمة العمل وساعات العمل والاجازات المقررة نظاما.
C006,en,7.1,"The Second Party shall be subject to all labor regulations regarding working hours, leave, and rest.",working_hours,"The Second Party shall be subject to all labor regulations regarding working hours, leave, and rest."
C006,ar,7.2,يلتزم الطرف الثاني باتباع تعليمات وأنظمة الطرف الأول والمحافظة على سمعته.,duties,يلتزم الطرف الثاني باتباع تعليمات وانظمة الطرف الاول والمحافظة علي سمعته.
C006,en,7.2,The Second Party shall comply with the First Party’s instructions and preserve its reputation.,duties,The Second Party shall comply with the First Party’s instructions and preserve its reputation.
C006,ar,8.1,يجوز إنهاء هذا العقد بإشعار كتابي مدته ثلاثون يومًا من أي من الطرفين.,termination,يجوز انهاء هذا العقد باشعار كتابي مدته ثلاثون يوما من اي من الطرفين.
C006,en,8.1,This contract may be terminated by either party with thirty days’ written notice.,termination,This contract may be terminated by either party with thirty days’ written notice.
C006,ar,8.2,يجوز للطرف الأول إنهاء العقد دون إشعار في حال المخالفات الجسيمة وفق المادة 83 من نظام العمل.,termination,يجوز للطرف الاول انهاء العقد دون اشعار في حال المخالفات الجسيمة وفق المادة 83 من نظام العمل.
C006,en,8.2,The First Party may terminate the contract without notice in case of serious violations in accordance with Article 83 of Saudi Labor Law.,termination,The First Party may terminate the contract without notice in case of serious violations in accordance with Article 83 of Saudi Labor Law.
C006,ar,9.1,يقر الطرف الثاني بعدم مزاولة أي عمل آخر مدفوع الأجر خلال سريان هذا العقد.,penalties,يقر الطرف الثاني بعدم مزاولة اي عمل اخر مدفوع الاجر خلال سريان هذا العقد.
C006,en,9.1,The Second Party acknowledges that they shall not engage in any other paid work during the validity of this contract.,penalties,The Second Party acknowledges that they shall not engage in any other paid work during the validity of this contract.
C006,ar,9.2,يلتزم الطرف الثاني بمغادرة المملكة فور انتهاء العقد ما لم يتم تجديده.,termination,يلتزم الطرف الثاني بمغادرة المملكة فور انتهاء العقد ما لم يتم تجديده.
C006,en,9.2,The Second Party shall depart the Kingdom immediately upon contract termination unless renewed.,termination,The Second Party shall depart the Kingdom immediately upon contract termination unless renewed.
C006,en,10.1,This agreement shall be governed by the laws and regulations of the Kingdom of Saudi Arabia.,governing_law,This agreement shall be governed by the laws and regulations of the Kingdom of Saudi Arabia.
C007,ar,0.1,تم إبرام هذا العقد بين مكتب الرائد للهندسة والطرف الثاني (الموظف) وفق نظام العمل بالمملكة العربية السعودية.,general,تم ابرام هذا العقد بين مكتب الرايد للهندسة والطرف الثاني (الموظف) وفق نظام العمل بالمملكة العربية السعودية.
C007,en,0.1,This contract is concluded between Raed Al‑Engineering Office and the Second Party (Employee) in accordance with Saudi Labor Law.,general,This contract is concluded between Raed Al‑Engineering Office and the Second Party (Employee) in accordance with Saudi Labor Law.
C007,ar,1.1,يوافق الموظف على العمل لدى المكتب في الوظيفة المحددة أو أي وظيفة أخرى يراها المكتب مناسبة لمؤهلاته.,duties,يوافق الموظف علي العمل لدي المكتب في الوظيفة المحددة او اي وظيفة اخري يراها المكتب مناسبة لموهلاته.
C007,en,1.1,The Employee agrees to work for the Office in the specified position or any other position deemed suitable to his qualifications.,duties,The Employee agrees to work for the Office in the specified position or any other position deemed suitable to his qualifications.
C007,ar,2.1,يجوز تكليف الموظف بالعمل في أي مكان داخل المملكة العربية السعودية.,duties,يجوز تكليف الموظف بالعمل في اي مكان داخل المملكة العربية السعودية.
C007,en,2.1,The Employee may be assigned to work at any location within the Kingdom of Saudi Arabia.,duties,The Employee may be assigned to work at any location within the Kingdom of Saudi Arabia.
C007,ar,3.1,تبدأ فترة العمل من تاريخ مباشرة الموظف وتستمر لمدة سنتين قابلة للتجديد تلقائيًا ما لم يتم إنهاؤها وفق العقد.,contract_duration,تبدا فترة العمل من تاريخ مباشرة الموظف وتستمر لمدة سنتين قابلة للتجديد تلقاييا ما لم يتم انهاوها وفق العقد.
C007,en,3.1,"The employment period shall begin from the date the Employee starts work and continue for two years, renewable automatically unless terminated as provided herein.",contract_duration,"The employment period shall begin from the date the Employee starts work and continue for two years, renewable automatically unless terminated as provided herein."
C007,ar,3.2,تُعتبر التسعون يومًا الأولى من العمل فترة تجربة يجوز خلالها إنهاء الخدمة وإعادة الموظف لبلده على نفقة المكتب.,probation,تعتبر التسعون يوما الاولي من العمل فترة تجربة يجوز خلالها انهاء الخدمة واعادة الموظف لبلده علي نفقة المكتب.
C007,en,3.2,The first ninety days of employment shall be considered a probation period during which the Employee may be terminated and repatriated at the Employer’s expense.,probation,The first ninety days of employment shall be considered a probation period during which the Employee may be terminated and repatriated at the Employer’s expense.
C007,ar,4.1,يكون الراتب الأساسي للموظف مبلغًا محددًا بالريال السعودي ويُدفع شهريًا دون تعديل بسبب تغير العملة.,salary_terms,يكون الراتب الاساسي للموظف مبلغا محددا بالريال السعودي ويدفع شهريا دون تعديل بسبب تغير العملة.
C007,en,4.1,"The Employee’s basic salary shall be a fixed amount in Saudi Riyals, payable monthly without adjustment due to currency fluctuation.",salary_terms,"The Employee’s basic salary shall be a fixed amount in Saudi Riyals, payable monthly without adjustment due to currency fluctuation."
C007,ar,5.1,ساعات العمل 48 ساعة أسبوعيًا موزعة على ستة أيام عمل، مع قبول الموظف بالعمل بنظام النوبات عند الحاجة.,working_hours,ساعات العمل 48 ساعة اسبوعيا موزعة علي ستة ايام عمل، مع قبول الموظف بالعمل بنظام النوبات عند الحاجة.
C007,en,5.1,"Working hours shall be 48 hours per week distributed over six working days, and the Employee agrees to shift work if required.",working_hours,"Working hours shall be 48 hours per week distributed over six working days, and the Employee agrees to shift work if required."
C007,ar,6.1,يتحمل المكتب نفقات العلاج الطبي للموظف باستثناء علاج الأسنان والنظارات الطبية.,benefits,يتحمل المكتب نفقات العلاج الطبي للموظف باستثناء علاج الاسنان والنظارات الطبية.
C007,en,6.1,The Employer shall bear the cost of medical treatment for the Employee excluding dental care and eyeglasses.,benefits,The Employer shall bear the cost of medical treatment for the Employee excluding dental care and eyeglasses.
C007,ar,7.1,يستحق الموظف إجازة مدفوعة الأجر لمدة ثلاثين يومًا عن كل سنتين وفق متطلبات العمل.,benefits,يستحق الموظف اجازة مدفوعة الاجر لمدة ثلاثين يوما عن كل سنتين وفق متطلبات العمل.
C007,en,7.1,"The Employee shall be entitled to paid leave of thirty days for every two years, subject to work requirements.",benefits,"The Employee shall be entitled to paid leave of thirty days for every two years, subject to work requirements."
C007,ar,7.2,يستحق الموظف العطلات الرسمية المعتمدة في المملكة العربية السعودية.,benefits,يستحق الموظف العطلات الرسمية المعتمدة في المملكة العربية السعودية.
C007,en,7.2,The Employee shall be entitled to official public holidays in the Kingdom of Saudi Arabia.,benefits,The Employee shall be entitled to official public holidays in the Kingdom of Saudi Arabia.
C007,ar,8.1,يلتزم الموظف باحترام القوانين والعادات العامة والمحافظة على السلوك الحسن وعدم الإضرار بمصالح المكتب.,duties,يلتزم الموظف باحترام القوانين والعادات العامة والمحافظة علي السلوك الحسن وعدم الاضرار بمصالح المكتب.
C007,en,8.1,"The Employee shall comply with laws, customs, proper conduct, and avoid harming the Employer’s interests.",duties,"The Employee shall comply with laws, customs, proper conduct, and avoid harming the Employer’s interests."
C007,ar,9.1,لا يجوز للموظف العمل لدى أي جهة أخرى داخل المملكة بعد انتهاء العقد إلا بموافقة خطية من المكتب.,penalties,لا يجوز للموظف العمل لدي اي جهة اخري داخل المملكة بعد انتهاء العقد الا بموافقة خطية من المكتب.
C007,en,9.1,The Employee may not work for any other entity in the Kingdom after contract termination without written consent from the Employer.,penalties,The Employee may not work for any other entity in the Kingdom after contract termination without written consent from the Employer.
C007,ar,10.1,يُعامل الموظف كأعزب ولا يستحق أي مزايا متعلقة بالمعالين.,general,يعامل الموظف كاعزب ولا يستحق اي مزايا متعلقة بالمعالين.
C007,en,10.1,The Employee shall be treated as single and shall not be entitled to dependent-related benefits.,general,The Employee shall be treated as single and shall not be entitled to dependent-related benefits.
C007,ar,11.1,يجوز للمكتب إنهاء العقد دون إشعار أو تعويض في حال الإخلال الجسيم بواجبات العمل وفق نظام العمل.,termination,يجوز للمكتب انهاء العقد دون اشعار او تعويض في حال الاخلال الجسيم بواجبات العمل وفق نظام العمل.
C007,en,11.1,The Employer may terminate the contract without notice or compensation in cases of serious breach in accordance with Saudi Labor Law.,termination,The Employer may terminate the contract without notice or compensation in cases of serious breach in accordance with Saudi Labor Law.
C007,ar,11.2,يجوز للمكتب إنهاء العقد بإشعار كتابي مدته ثلاثون يومًا أو دفع راتب شهر كتعويض.,termination,يجوز للمكتب انهاء العقد باشعار كتابي مدته ثلاثون يوما او دفع راتب شهر كتعويض.
C007,en,11.2,The Employer may terminate the contract with thirty days’ written notice or by paying one month’s salary as compensation.,termination,The Employer may terminate the contract with thirty days’ written notice or by paying one month’s salary as compensation.
C007,ar,11.3,عند استقالة الموظف يجب عليه إشعار المكتب كتابيًا قبل ثلاثين يومًا ويتحمل تكاليف سفره.,termination,عند استقالة الموظف يجب عليه اشعار المكتب كتابيا قبل ثلاثين يوما ويتحمل تكاليف سفره.
C007,en,11.3,"If the Employee resigns, he must provide thirty days’ written notice and bear the cost of repatriation.",termination,"If the Employee resigns, he must provide thirty days’ written notice and bear the cost of repatriation."
C007,ar,12.1,في حالة وفاة الموظف يتكفل المكتب بإعادة جثمانه وتعويض ورثته وفق نظام العمل.,termination,في حالة وفاة الموظف يتكفل المكتب باعادة جثمانه وتعويض ورثته وفق نظام العمل.
C007,en,12.1,"In the event of the Employee’s death, the Employer shall repatriate the body and compensate heirs according to Saudi Labor Law.",termination,"In the event of the Employee’s death, the Employer shall repatriate the body and compensate heirs according to Saudi Labor Law."
C007,ar,13.1,يستحق الموظف مكافأة نهاية خدمة تعادل نصف راتب عن كل سنة خدمة.,termination,يستحق الموظف مكافاة نهاية خدمة تعادل نصف راتب عن كل سنة خدمة.
C007,en,13.1,The Employee shall be entitled to an end-of-service benefit equal to half a monthly salary for each year of service.,termination,The Employee shall be entitled to an end-of-service benefit equal to half a monthly salary for each year of service.
C007,ar,14.1,يوفر المكتب السكن والنقل والطعام وتذاكر السفر وفق الشروط المحددة.,benefits,يوفر المكتب السكن والنقل والطعام وتذاكر السفر وفق الشروط المحددة.
C007,en,14.1,"The Employer shall provide housing, transportation, food allowance, and travel tickets as specified.",benefits,"The Employer shall provide housing, transportation, food allowance, and travel tickets as specified."
C007,ar,15.1,يخضع الموظف لأنظمة المكتب ونظام العمل السعودي ويكون مكتب العمل الجهة المختصة بأي نزاع.,governing_law,يخضع الموظف لانظمة المكتب ونظام العمل السعودي ويكون مكتب العمل الجهة المختصة باي نزاع.
C007,en,15.1,"The Employee shall be subject to Employer regulations and Saudi Labor Law, and the Labor Office shall have jurisdiction over disputes.",governing_law,"The Employee shall be subject to Employer regulations and Saudi Labor Law, and the Labor Office shall have jurisdiction over disputes."
C007,ar,16.1,يمثل هذا العقد كامل الاتفاق بين الطرفين ويحل محل أي اتفاقات سابقة ويُفسر وفق أنظمة المملكة.,governing_law,يمثل هذا العقد كامل الاتفاق بين الطرفين ويحل محل اي اتفاقات سابقة ويفسر وفق انظمة المملكة.
C007,en,16.1,"This contract represents the full agreement between the parties, supersedes prior agreements, and shall be interpreted under the laws of the Kingdom.",governing_law,"This contract represents the full agreement between the parties, supersedes prior agreements, and shall be interpreted under the laws of the Kingdom."
